"Visible minority population, by census metropolitan areas (2006 Census) (St. Catharines-Niagara, Kitchener-Cambridge-Waterloo, Brantford, Guelph, London)",,,,,
,,,,,

,St. Catharines-Niagara,Kitchener-Cambridge-Waterloo,Brantford,Guelph,London,
,number,,,,,
Total population ,"385,035","446,495","122,830","126,085","452,575",
Visible minority population,"25,470","61,455","6,715","16,025","50,300",
South Asian,"3,595","16,240","1,785","3,875","6,415",
Chinese,"3,600","9,150",695,"3,110","6,545",
Black,"5,030","9,450","1,700","1,600","8,255",
Filipino,"2,130","1,850",655,"1,965","1,990",
Latin American,"4,205","6,805",390,"1,070","7,920",
Arab,"1,480","3,175",240,510,"7,800",
Southeast Asian,"2,090","6,150",580,"1,600","4,050",
West Asian,615,"2,720",30,"1,065","2,235",
Korean,930,"1,700",250,190,"2,125",
Japanese,735,625,95,170,565,
" Visible minority, not included elsewhere",235,"1,825",75,230,790,
Multiple visible minority,820,"1,755",210,635,"1,600",
"Source: Statistics Canada, 2006 Census of Population. Last modified: 2009-11-06.",,,,,, 
