"Visible minority population, by census metropolitan areas (2006 Census) (Windsor, Barrie, Greater Sudbury/Grand Sudbury, Thunder Bay, Winnipeg)",,,,,
,,,,,

,Windsor,Barrie,Greater Sudbury/Grand Sudbury,Thunder Bay,Winnipeg,
,number,,,,,
Total population ,"320,730","175,335","156,400","121,050","686,040",
Visible minority population,"51,200","10,130","3,280","3,275","102,940",
South Asian,"10,265","1,900",580,390,"15,290",
Chinese,"7,825","1,180",620,925,"12,810",
Black,"9,490","2,310","1,100",450,"14,470",
Filipino,"3,145",875,150,250,"36,935",
Latin American,"2,905","1,165",180,170,"5,480",
Arab,"9,975",300,115,50,"2,125",
Southeast Asian,"2,945",530,145,370,"5,340",
West Asian,"1,830",310,55,30,"1,895",
Korean,605,410,70,30,"2,080",
Japanese,150,350,65,380,"1,840",
" Visible minority, not included elsewhere",995,310,60,30,"1,595",
Multiple visible minority,"1,060",490,145,190,"3,080",
"Source: Statistics Canada, 2006 Census of Population. Last modified: 2009-11-06.",,,,,, 
