"Visible minority population, by census metropolitan areas (2006 Census) (Regina, Saskatoon, Calgary, Edmonton, Kelowna)",,,,,
,,,,,

,Regina,Saskatoon,Calgary,Edmonton,Kelowna,
,number,,,,,
Total population ,"192,435","230,850","1,070,295","1,024,825","160,560",
Visible minority population,"12,605","14,870","237,890","175,295","8,320",
South Asian,"1,975","2,230","57,700","40,200","2,345",
Chinese,"3,335","4,245","66,375","47,195","1,470",
Black,"2,170","1,900","21,060","20,380",660,
Filipino,"1,230","1,920","25,565","19,630",410,
Latin American,955,"1,050","13,410","9,210",525,
Arab,475,940,"11,660","11,940",60,
Southeast Asian,"1,260","1,010","15,750","11,025",720,
West Asian,220,665,"6,010","2,925",190,
Korean,330,110,"6,835","3,770",265,
Japanese,180,335,"4,680","2,270","1,230",
" Visible minority, not included elsewhere",120,115,"1,985","1,475",135,
Multiple visible minority,335,345,"6,860","5,275",305,
"Source: Statistics Canada, 2006 Census of Population. Last modified: 2009-11-06.",,,,,, 
