"Visible minority population, by census metropolitan areas (2006 Census) (Abbotsford-Mission, Vancouver, Victoria)",,,
,,,

,Abbotsford-Mission,Vancouver,Victoria,
,number,,,
Total population ,"156,640","2,097,965","325,060",
Visible minority population,"35,715","875,295","33,870",
South Asian,"25,580","207,160","7,210",
Chinese,"2,245","381,535","12,330",
Black,930,"20,670","2,360",
Filipino,730,"78,890","2,760",
Latin American,"1,275","22,695","1,845",
Arab,150,"7,430",500,
Southeast Asian,"1,665","33,470","1,585",
West Asian,210,"28,160",575,
Korean,"1,615","44,825","1,235",
Japanese,830,"25,425","2,280",
" Visible minority, not included elsewhere",35,"2,920",260,
Multiple visible minority,450,"22,115",930,
"Source: Statistics Canada, 2006 Census of Population. Last modified: 2009-11-06.",,,, 
