"Population by selected ethnic origins, by province and territory (2006 Census) (Manitoba)",,,
,,,

,Total responses,Single responses,Multiple responses,
,number,,,
Man.,,,,
Total population,"1,133,515","566,005","567,510",
Ethnic origin,,,,
European origins,"568,625","202,340","366,285",
British Isles origins,"431,265","75,145","356,115",
Western European origins,"282,715","87,510","195,205",
Eastern European origins,"265,295","76,325","188,970",
English,"259,595","40,995","218,600",
German,"216,755","67,290","149,465",
Other North American origins,"211,775","83,370","128,405",
Scottish,"209,170","20,160","189,010",
Canadian,"206,355","82,885","123,470",
Aboriginal origins,"186,660","96,790","89,870",
Ukrainian,"167,170","47,730","119,440",
Irish,"151,915","10,485","141,430",
French origins,"148,570","20,815","127,755",
French,"148,370","20,760","127,610",
North American Indian,"120,415","80,865","39,550",
Polish,"82,355","14,590","67,765",
Northern European origins,"77,765","9,530","68,235",
Scandinavian origins,"74,890","8,965","65,920",
M�tis,"72,450","15,625","56,825",
East and Southeast Asian origins,"65,315","53,345","11,975",
Dutch (Netherlands),"55,425","14,210","41,215",
Southern European origins,"51,210","22,245","28,965",
Russian,"45,625","8,265","37,355",
Filipino,"39,205","32,930","6,275",
Icelandic,"30,550","4,465","26,085",
Swedish,"21,820","1,840","19,980",
Italian,"21,405","7,560","13,845",
Belgian,"19,805","3,155","16,650",
Norwegian,"18,395","1,365","17,030",
"Source: Statistics Canada, 2006 Census of Population. Last modified: 2009-07-28.",,,, 
