"Population by selected ethnic origins, by province and territory (2006 Census) (Nunavut)",,,
,,,

,Total responses,Single responses,Multiple responses,
,number,,,
Nvt.,,,,
Total population,"29,325","24,815","4,515",
Ethnic origin,,,,
Aboriginal origins,"25,165","22,185","2,980",
Inuit,"24,870","22,095","2,780",
British Isles origins,"4,260","1,130","3,125",
Scottish,"2,025",250,"1,775",
English,"1,605",460,"1,145",
European origins,"1,555",300,"1,250",
Other North American origins,"1,305",705,600,
Irish,"1,220",280,945,
Canadian,"1,170",685,490,
French origins,970,220,755,
French,945,205,740,
Western European origins,680,105,570,
German,550,80,470,
North American Indian,380,65,315,
Eastern European origins,375,75,305,
Northern European origins,345,40,305,
Scandinavian origins,320,30,290,
"British Isles, not included elsewhere",280,125,160,
Southern European origins,240,45,195,
East and Southeast Asian origins,185,140,45,
Ukrainian,155,30,125,
African origins,155,25,125,
Danish,150,0,145,
Italian,130,15,110,
Dutch (Netherlands),120,25,90,
Welsh,110,20,90,
American,110,0,105,
Polish,110,25,90,
M�tis,100,25,80,
"Source: Statistics Canada, 2006 Census of Population. Last modified: 2009-07-28.",,,, 
