St. John's,Newfoundland and Labrador,47.4824155,-52.8286382
Halifax,Nova Scotia,44.853095,-63.177017
Moncton,New Brunswick,46.113255,-64.8006006
Saint John,New Brunswick,45.259769,-66.0390049
Saguenay,Quebec,48.378468,-71.1335376
Quebec,Quebec,46.8580074,-71.3460728
Sherbrooke,Quebec,45.417094,-71.9741315
Trois-Rivieres,Quebec,46.3727655,-72.6004213
Montreal,Quebec,45.5601062,-73.7120832
Ottawa-Gatineau,Ontario,45.4208333,-75.69
Kingston,Ontario,44.3442389,-76.4733248
Peterborough,Ontario,44.3151944,-78.3255739
Oshawa,Ontario,43.9487718,-78.878351
Toronto,Ontario,43.7182712,-79.3777061
Hamilton,Ontario,43.2608104,-79.9353958
St. Catharines-Niagara,Ontario,43.1747623,-79.2492
Kitchener-Cambridge-Waterloo,Ontario,43.4782485,-80.5283199
Brantford,Ontario,43.1476086,-80.2740655
Guelph,Ontario,43.534433,-80.240168
London,Ontario,42.948881,-81.24862
Windsor,Ontario,42.2912792,-83.002882
Barrie,Ontario,44.3713285,-79.6748049
Greater Sudbury/Grand Sudbury,Ontario,46.584407,-81.0791369
Thunder Bay,Ontario,48.4025585,-89.2719957
Winnipeg,Manitoba,49.853822,-97.1522251
Regina,Saskatchewan,50.4513789,-104.6166075
Saskatoon,Saskatchewan,52.1396545,-106.6421864
Calgary,Alberta,51.013117,-114.0741556
Edmonton,Alberta,53.5558774,-113.4939486
Kelowna,British Columbia,49.8996925,-119.4546625
Abbotsford-Mission,British Columbia,49.2002814,-122.420248
Vancouver,British Columbia,49.2569425,-123.123904
Victoria,British Columbia,48.4266797,-123.3584175
